group,n,k,d,q,seconds,status,A_poly,B_poly
Z12xZ12,288,4,12,2.0,18.81,ok,x^2*y^6 + x^10*y^2 + x^11*y,x^7*y^10 + x^10*y^6 + x^10*y^8
Z12xZ12,288,4,16,3.556,4737.78,ok,y^6 + x^8 + x^9*y^11,x^2*y^5 + x^5*y^7 + x^9*y^7
Z12xZ12,288,4,8,0.889,0.98,ok,x*y^7 + x^5*y^10 + x^9*y^3,x*y^9 + x^2*y^8 + x^3*y^7
Z12xZ12,288,4,8,0.889,8.88,ok,x^2*y + x^5*y^6 + x^9*y^11,x^6*y^11 + x^7 + x^8*y
Z12xZ12,288,4,12,2.0,15.42,ok,x^2*y^2 + x^5*y + x^7*y^6,x^2*y^11 + x^5*y^6 + x^7*y^4
Z12xZ12,288,4,12,2.0,14.19,ok,x^2*y^3 + x^7*y^10 + x^8*y^5,y^10 + x^10*y^3 + x^10*y^11
Z12xZ12,288,4,12,2.0,16.64,ok,y^5 + x^3*y + x^11*y^8,x^3*y^4 + x^7*y + x^10*y^3
Z12xZ12,288,4,,,5400.07,timeout,x^3*y^10 + x^6*y^11 + x^7*y^2,y^8 + x^7*y^6 + x^10*y^8
Z12xZ12,288,4,,,5400.08,timeout,x*y^2 + x^6*y^2 + x^10*y^7,x^5*y + x^7*y^10 + x^11
Z12xZ12,288,4,12,2.0,13.72,ok,x^6*y^4 + x^10*y^6 + x^11*y^4,x^3*y^3 + x^5*y + x^7*y^2
Z12xZ12,288,4,,,5400.08,timeout,x*y^7 + x^9*y^4 + x^10*y^2,x^9*y^6 + x^9*y^11 + x^10
Z3xZ42,252,4,,,5400.06,timeout,y^33 + x*y^39 + x^2*y^18,x*y^15 + x*y^28 + x^2*y^4
Z3xZ42,252,4,18,5.143,5157.5,ok,y^24 + x*y^4 + x^2*y^5,y^9 + y^16 + x*y^13
Z3xZ42,252,4,6,0.571,0.09,ok,y^30 + x*y^35 + x^2*y^8,y^27 + x*y^21 + x^2*y^26
Z3xZ42,252,4,18,5.143,4559.58,ok,y^5 + x*y^32 + x*y^37,y^4 + x*y^33 + x^2*y^5
Z3xZ42,252,4,16,4.063,1228.56,ok,y^14 + y^28 + x^2*y^31,y^8 + y^21 + x*y^12
Z3xZ42,252,6,16,6.095,1713.12,ok,y^15 + y^28 + y^33,y^40 + x^2*y^27 + x^2*y^31
Z3xZ42,252,6,12,3.429,12.62,ok,y^9 + y^41 + x^2*y^35,y^7 + x*y^4 + x^2*y^26
Z3xZ42,252,6,12,3.429,11.61,ok,x*y^3 + x*y^23 + x^2*y^5,x^2*y^16 + x^2*y^34 + x^2*y^35
Z3xZ42,252,6,,,5400.03,timeout,y^13 + x*y^7 + x*y^9,x^2*y^20 + x^2*y^33 + x^2*y^36
Z3xZ42,252,6,12,3.429,7.18,ok,y + y^37 + x^2*y^11,y^7 + x*y^31 + x^2*y^36
Z3xZ42,252,6,6,0.857,0.15,ok,x*y^24 + x^2*y^11 + x^2*y^34,x*y^12 + x^2*y^27 + x^2*y^36
Z3xZ42,252,6,6,0.857,0.14,ok,y^7 + x*y^16 + x^2*y^20,y^17 + y^21 + x*y^8
Z3xZ42,252,6,18,7.714,3743.89,ok,y^7 + x^2*y^4 + x^2*y^6,x*y^21 + x^2*y^2 + x^2*y^10
Z3xZ42,252,6,16,6.095,1257.4,ok,y^34 + y^37 + x*y^36,x*y^8 + x*y^27 + x^2*y^37
Z3xZ42,252,6,12,3.429,16.99,ok,y^40 + x*y^27 + x^2*y^10,y^11 + y^16 + x^2*y^12
Z3xZ42,252,6,12,3.429,13.21,ok,y^17 + y^37 + x*y^12,x*y^8 + x^2*y^3 + x^2*y^21
Z3xZ42,252,6,12,3.429,9.81,ok,y^13 + y^23 + x,y^5 + x*y^41 + x^2*y^8
Z3xZ42,252,6,,,5400.02,timeout,y^16 + x^2*y^26 + x^2*y^31,y^21 + x*y^3 + x*y^22
Z5xZ21,210,6,12,4.114,11.74,ok,y^4 + y^7 + x*y^12,y^3 + x*y^4 + x^4*y^6
Z5xZ21,210,6,14,5.6,43.85,ok,x*y^3 + x*y^7 + x^2*y^16,y + x*y^5 + x^4*y^7
Z5xZ21,210,6,12,4.114,19.89,ok,x + x*y^9 + x*y^20,y^7 + x^2*y^6 + x^2*y^9
Z5xZ21,210,6,16,7.314,1328.2,ok,x*y^18 + x*y^20 + x^4*y^10,x*y^19 + x^2 + x^4*y^4
Z5xZ21,210,6,12,4.114,11.7,ok,x^2*y^9 + x^2*y^12 + x^3*y^17,x^2*y^4 + x^4*y + x^4*y^16
Z5xZ21,210,6,14,5.6,79.62,ok,x^2*y^10 + x^3*y^13 + x^4*y^19,x^2*y^17 + x^2*y^19 + x^3*y^13
Z5xZ21,210,6,14,5.6,69.89,ok,y^5 + x^2*y^4 + x^4*y^7,y^15 + y^17 + x^3
Z5xZ21,210,6,16,7.314,1010.76,ok,y^9 + x^3*y^7 + x^4*y^20,x^2*y^8 + x^2*y^13 + x^4*y^19
Z5xZ21,210,6,18,9.257,4165.11,ok,x^2*y^7 + x^3*y^19 + x^4*y^8,y^16 + x*y^12 + x^3*y^18
Z5xZ21,210,6,12,4.114,12.94,ok,1 + y^17 + x^3*y^9,y^9 + x*y^7 + x^3*y^10
Z5xZ21,210,6,16,7.314,753.42,ok,x^2*y^19 + x^3*y^8 + x^3*y^13,y^15 + x^2*y^5 + x^4*y^13
Z5xZ21,210,6,16,7.314,909.13,ok,x*y^14 + x^3*y^15 + x^4*y^3,x^3 + x^4*y^15 + x^4*y^17
Z5xZ21,210,6,18,9.257,3615.03,ok,y^3 + x + x^4*y^16,y^9 + x^3*y + x^4*y^13
Z5xZ21,210,6,16,7.314,727.42,ok,y^14 + x*y^19 + x^2*y^15,x*y^2 + x^2*y^10 + x^4*y^14
Z5xZ21,210,6,16,7.314,789.79,ok,y^11 + x^2*y^16 + x^4*y^15,y^11 + y^13 + x*y^17
Z5xZ21,210,6,10,2.857,4.82,ok,y^3 + y^13 + x^3*y^19,x*y^5 + x^4*y + x^4*y^14
Z5xZ21,210,6,10,2.857,2.94,ok,y^8 + x^3*y^9 + x^3*y^20,x^2*y^9 + x^3 + x^4*y^10
Z5xZ21,210,6,10,2.857,1.35,ok,x*y^14 + x^4*y^3 + x^4*y^15,x*y + x*y^2 + x^2*y^11
Z5xZ21,210,6,16,7.314,896.77,ok,x^3*y^8 + x^3*y^13 + x^4*y^9,x^3 + x^4*y^5 + x^4*y^8
Z5xZ21,210,6,12,4.114,8.32,ok,x*y^17 + x^2*y^6 + x^3*y^12,x*y^19 + x^2*y^4 + x^4*y^2
Z5xZ21,210,6,12,4.114,13.58,ok,x*y^6 + x*y^7 + x^3*y^16,y^4 + y^13 + y^17
Z5xZ21,210,6,4,0.457,0.09,ok,x*y^4 + x*y^13 + x^4,x*y^11 + x*y^14 + x^2*y^6
Z5xZ21,210,6,12,4.114,6.42,ok,y^14 + x^3*y^3 + x^3*y^9,y^19 + x*y^14 + x^4*y
Z5xZ21,210,6,16,7.314,795.9,ok,y^5 + x^2*y^11 + x^3*y^14,y^19 + x^2*y^8 + x^3*y^20
Z5xZ21,210,6,16,7.314,755.57,ok,x*y^18 + x*y^20 + x^2*y^7,y^10 + x*y^12 + x^2*y^6
Z6xZ18,216,4,12,2.667,29.93,ok,y^16 + x*y^14 + x^4*y^12,x^2*y^3 + x^2*y^4 + x^2*y^8
Z6xZ18,216,4,12,2.667,42.5,ok,y^12 + x*y^3 + x^2*y^6,x^4*y + x^4*y^2 + x^5*y^10
Z6xZ18,216,4,4,0.296,0.07,ok,y^6 + x*y^7 + x^5*y^3,y^9 + x*y^15 + x^2*y^3
Z6xZ18,216,4,12,2.667,16.61,ok,x^3*y^14 + x^5*y^7 + x^5*y^15,y^3 + x*y^10 + x^4*y^11
Z6xZ18,216,4,12,2.667,14.68,ok,1 + x^2*y^15 + x^3*y^13,y^10 + x^2*y^7 + x^5*y^6
Z6xZ18,216,4,12,2.667,16.81,ok,y^7 + x^2*y^9 + x^4*y^14,x^2*y^15 + x^3*y^8 + x^4*y^11
Z6xZ18,216,4,6,0.667,0.05,ok,y^4 + x + x*y^14,y^15 + x^2*y + x^3*y^2
Z6xZ18,216,4,16,4.741,1459.05,ok,y^4 + x^4 + x^5*y^13,y^3 + x^4*y^10 + x^5*y^9
Z6xZ18,216,4,18,6.0,3937.86,ok,y^7 + x*y^17 + x^5,x^2*y + x^2*y^8 + x^4*y^6
Z6xZ18,216,4,18,6.0,3632.52,ok,x*y^10 + x^2*y^10 + x^3*y^9,y + x^4*y^4 + x^5*y^13
Z6xZ18,216,4,16,4.741,1178.89,ok,x + x*y^7 + x^4*y^11,x^3*y^2 + x^3*y^16 + x^5*y^13
Z6xZ18,216,4,12,2.667,8.33,ok,y^12 + y^13 + x^5*y^8,y^17 + x*y^10 + x^3*y^6
Z6xZ18,216,4,12,2.667,13.02,ok,x*y^11 + x^2*y^4 + x^4*y^12,x^2*y^4 + x^3*y^6 + x^5*y^11
Z6xZ18,216,4,16,4.741,880.38,ok,x*y^8 + x^3*y^5 + x^3*y^13,x^2*y^10 + x^3*y + x^3*y^2
Z6xZ18,216,4,12,2.667,15.38,ok,y^13 + x*y^13 + x^2*y^3,x*y^15 + x^3*y^12 + x^5*y^2
Z6xZ18,216,4,6,0.667,0.15,ok,y + x^2*y^14 + x^3*y^3,x*y^16 + x^5*y^5 + x^5*y^12
Z6xZ18,216,4,8,1.185,0.91,ok,x*y^2 + x^2*y^11 + x^3*y^9,x^2*y^4 + x^3*y^6 + x^4*y^4
Z6xZ18,216,4,12,2.667,6.62,ok,x*y^15 + x^2*y^13 + x^3*y^3,y + x^4*y^14 + x^5*y^12
Z6xZ18,216,4,12,2.667,7.4,ok,x*y^15 + x^2*y^10 + x^3*y^11,x^2*y^2 + x^4*y^16 + x^4*y^17
Z6xZ18,216,4,12,2.667,18.06,ok,x^2*y^8 + x^5*y^3 + x^5*y^16,x*y^10 + x^4*y^6 + x^5*y^14
Z6xZ18,216,4,12,2.667,13.88,ok,y^11 + x^4*y^6 + x^5*y^8,y^4 + x^2*y^11 + x^4*y^4
Z6xZ18,216,4,18,6.0,3450.18,ok,x*y^7 + x^2*y^2 + x^3*y^11,x*y^14 + x^3*y^17 + x^5*y^12
Z6xZ18,216,4,12,2.667,14.46,ok,y^7 + x^2*y^2 + x^4,x*y^3 + x^3*y^4 + x^4*y^16
Z6xZ18,216,4,12,2.667,20.12,ok,y^6 + x*y^7 + x^5*y^11,x*y^11 + x^2*y^11 + x^3*y^12
Z6xZ18,216,4,12,2.667,7.02,ok,x + x^3*y^14 + x^4*y^13,y^10 + x^2*y^3 + x^3*y^11
Z6xZ18,216,4,12,2.667,660.48,ok,x^2*y^6 + x^2*y^16 + x^2*y^17,x*y^7 + x^3*y^11 + x^4*y^3
Z6xZ18,216,4,18,6.0,3532.88,ok,y^16 + x*y^13 + x^3*y^11,x + x*y^14 + x^2*y^8
Z7xZ14,196,6,8,1.959,0.81,ok,x^2*y^6 + x^4*y^4 + x^6,x^3*y^2 + x^4*y^11 + x^6*y
Z7xZ14,196,6,12,4.408,9.94,ok,y^12 + x*y^9 + x^4*y,y^11 + x*y^4 + x^2*y^10
Z7xZ14,196,6,12,4.408,9.2,ok,x*y^6 + x*y^12 + x^3*y,y^7 + x*y^11 + x^5*y^3
Z7xZ14,196,6,12,4.408,6.61,ok,x*y^3 + x^2*y^12 + x^4*y^13,x*y^6 + x^5*y + x^5*y^9
Z7xZ14,196,6,14,6.0,38.15,ok,x^4*y + x^5*y^13 + x^6*y^10,x*y^6 + x^5*y^8 + x^5*y^13
Z7xZ14,196,6,8,1.959,1.17,ok,x*y^11 + x^4 + x^5*y^5,x^2*y + x^4*y^10 + x^5*y^11
Z7xZ14,196,6,14,6.0,37.21,ok,y^6 + x^5*y + x^6*y^5,y^10 + x*y^7 + x^4*y^8
Z7xZ14,196,6,14,6.0,92.06,ok,x^3*y^4 + x^3*y^7 + x^6*y^4,x + x^2*y^11 + x^6*y^2
Z7xZ14,196,6,16,7.837,1410.14,ok,x^2*y^7 + x^3*y^10 + x^5*y^13,y^10 + x^5 + x^6*y^6
Z7xZ14,196,6,14,6.0,101.55,ok,y^2 + y^8 + x^3*y^7,1 + x*y^13 + x^6*y^3
Z7xZ14,196,6,16,7.837,1598.11,ok,y^5 + x^3*y^7 + x^3*y^12,y^13 + x*y^12 + x^5*y^7
Z7xZ14,196,6,16,7.837,1143.2,ok,y^11 + x^2*y^6 + x^3*y,y + x^2*y^11 + x^3
Z7xZ14,196,6,8,1.959,2.29,ok,y + y^7 + y^12,x*y^8 + x^4*y^3 + x^4*y^6
Z7xZ14,196,6,10,3.061,4.73,ok,x*y^13 + x^3*y^8 + x^3*y^11,1 + x^2*y^6 + x^5*y^5
Z7xZ14,196,6,14,6.0,61.96,ok,y^12 + x^5*y^3 + x^5*y^12,y^5 + x*y^4 + x*y^13
Z7xZ14,196,6,14,6.0,57.43,ok,y^5 + y^7 + x^2*y^3,x*y^8 + x^2*y^8 + x^3*y^5
Z7xZ14,196,6,12,4.408,10.47,ok,x*y^3 + x^5*y^4 + x^5*y^5,y^2 + y^4 + x^4*y^4
Z7xZ14,196,6,4,0.49,0.05,ok,y^9 + x^4*y^5 + x^5*y^11,y^8 + x^2*y^11 + x^6*y^9
Z7xZ14,196,6,8,1.959,1.95,ok,x^4 + x^4*y^2 + x^4*y^3,y^10 + x^4*y^10 + x^4*y^13
Z7xZ14,196,6,10,3.061,2.93,ok,y^5 + x^3*y^2 + x^6*y^7,y^8 + x*y^7 + x^2*y^7
Z7xZ14,196,6,14,6.0,85.35,ok,x*y^3 + x^3*y^9 + x^5*y^12,y^3 + x*y^10 + x^4*y^2
Z7xZ14,196,6,8,1.959,3.08,ok,y^9 + x^3*y^5 + x^6*y^3,x*y^11 + x^2*y^4 + x^4*y^4
Z7xZ14,196,6,16,7.837,1342.26,ok,x*y^13 + x^4 + x^6*y^6,x^2*y^8 + x^4*y^10 + x^6*y^9
Z7xZ14,196,6,12,4.408,14.31,ok,y^12 + x^3*y^6 + x^6*y^6,x*y^10 + x^2*y^11 + x^3*y^3
Z7xZ14,196,6,4,0.49,0.04,ok,x^3*y^8 + x^5*y^4 + x^6*y^2,y^9 + x^2*y^3 + x^3*y^10
Z7xZ14,196,6,16,7.837,876.44,ok,y^3 + x*y^13 + x^4*y^6,y^4 + y^8 + x^3*y^12
Z7xZ14,196,6,8,1.959,1.12,ok,x*y^4 + x^2*y^10 + x^4*y^13,x^2*y^6 + x^4*y^11 + x^5*y^3
Z7xZ14,196,6,14,6.0,20.62,ok,y^11 + x*y^7 + x^6*y^4,y^8 + x^4*y^2 + x^4*y^12
Z7xZ14,196,6,8,1.959,1.33,ok,y^13 + x*y^10 + x^3*y^11,y^3 + x^2*y^5 + x^5*y^9
Z7xZ14,196,6,16,7.837,831.45,ok,y^10 + x^2*y^13 + x^3*y^3,x*y^4 + x^3 + x^6*y^3
Z7xZ14,196,6,8,1.959,0.75,ok,x^6 + x^6*y^2 + x^6*y^13,x^3*y^4 + x^3*y^13 + x^5*y^11
Z7xZ14,196,6,12,4.408,5.82,ok,x*y^4 + x^2 + x^4*y^10,x^3 + x^4*y^8 + x^6*y^5
Z7xZ14,196,6,10,3.061,1.42,ok,x*y^6 + x^4*y^3 + x^4*y^8,x^3*y^7 + x^4*y^8 + x^5*y^7
Z7xZ14,196,6,14,6.0,63.0,ok,x^3*y^10 + x^4*y^12 + x^6*y^5,x^3*y^8 + x^4*y^10 + x^6*y^13
Z7xZ14,196,6,10,3.061,1.27,ok,x*y^2 + x*y^4 + x^2*y^13,y^4 + x^2*y^5 + x^5*y^12
Z7xZ14,196,6,8,1.959,1.08,ok,x*y^9 + x*y^10 + x^2*y^11,y^2 + x^4*y^13 + x^5*y^7
Z7xZ14,196,6,14,6.0,20.23,ok,y^13 + x^3*y^4 + x^6*y^3,x*y^11 + x^4*y^7 + x^4*y^12
Z7xZ14,196,6,10,3.061,1.31,ok,x^5*y^2 + x^5*y^8 + x^6*y^3,x^5*y^13 + x^6*y^8 + x^6*y^11
Z7xZ14,196,6,8,1.959,0.94,ok,x^2*y^12 + x^3*y + x^5*y^6,x^3*y^6 + x^4*y^6 + x^6*y^13
Z7xZ14,196,6,16,7.837,746.28,ok,x*y^13 + x^4*y^13 + x^5*y^8,x*y^3 + x^2*y + x^5*y^5
Z7xZ14,196,6,8,1.959,1.06,ok,x*y^2 + x^2*y^2 + x^6*y^9,y^11 + x^2*y^5 + x^3*y^7
Z7xZ14,196,6,16,7.837,658.92,ok,x*y^12 + x^3*y^9 + x^5*y^9,x^2*y^13 + x^3*y^4 + x^5*y^9
Z7xZ14,196,6,12,4.408,4.57,ok,x*y^6 + x^2*y^4 + x^4*y^6,y^11 + x^2*y^11 + x^6*y^2
Z7xZ14,196,6,16,7.837,581.53,ok,y^12 + x^3*y^11 + x^3*y^13,x*y^2 + x^4*y^13 + x^6*y^6
Z7xZ14,196,6,12,4.408,10.01,ok,x*y^11 + x^3*y^9 + x^5*y^10,y^2 + y^12 + x^6*y^3
Z7xZ14,196,6,10,3.061,1.16,ok,y^4 + x^5 + x^6*y^13,x^4*y^9 + x^5*y^2 + x^5*y^8
Z7xZ14,196,6,16,7.837,763.05,ok,x*y^7 + x^2*y + x^4,y^8 + x^2*y^8 + x^6*y^4
Z7xZ14,196,6,14,6.0,23.3,ok,x^3*y^4 + x^3*y^7 + x^4*y^3,x^2*y^6 + x^6*y^7 + x^6*y^12
Z7xZ14,196,6,10,3.061,3.02,ok,y^6 + x + x^4*y,x^2*y^3 + x^2*y^11 + x^4*y^11
Z7xZ14,196,6,14,6.0,28.15,ok,y^7 + x^3*y^13 + x^5*y^12,y^2 + x^2*y^10 + x^4*y^7
Z7xZ14,196,6,4,0.49,0.11,ok,x^3*y^3 + x^3*y^7 + x^3*y^9,y^9 + y^10 + x^4*y^13
Z7xZ14,196,6,12,4.408,3.96,ok,y^3 + y^9 + x^3,x^4*y^11 + x^5*y^9 + x^6*y^2
Z7xZ14,196,6,8,1.959,0.75,ok,x^3*y^8 + x^4*y^9 + x^6*y^11,y^10 + x^4*y^11 + x^6*y^2
Z7xZ14,196,6,14,6.0,28.16,ok,y^2 + x^2 + x^3*y^9,x*y^4 + x^2*y^8 + x^6
Z7xZ14,196,6,16,7.837,772.6,ok,y^12 + x^2*y^13 + x^3*y^8,x^3*y^12 + x^4*y^3 + x^4*y^9
Z7xZ14,196,6,12,4.408,5.19,ok,y^5 + x^5*y^11 + x^6*y^5,x*y^9 + x*y^11 + x^3*y^10
Z7xZ14,196,6,14,6.0,24.82,ok,x*y^3 + x^3 + x^4*y^12,x^3*y^5 + x^3*y^13 + x^6*y^4
Z7xZ14,196,6,14,6.0,32.45,ok,x^2*y^2 + x^2*y^4 + x^6*y^10,x^3*y^9 + x^4 + x^4*y^8
Z7xZ14,196,6,16,7.837,709.84,ok,y^12 + x^2*y^9 + x^3*y^3,x^3*y^5 + x^4*y^6 + x^5*y^8
Z7xZ14,196,6,16,7.837,831.83,ok,x^4 + x^5*y^11 + x^5*y^12,y^9 + x^5 + x^5*y^6
Z7xZ14,196,6,8,1.959,1.5,ok,y^5 + x^6*y + x^6*y^13,x*y^6 + x^3*y^7 + x^4*y^4
Z7xZ14,196,6,10,3.061,1.91,ok,x*y^7 + x^4*y^7 + x^4*y^13,y^7 + x^5*y^6 + x^5*y^8
Z7xZ14,196,6,16,7.837,704.34,ok,x^2*y^13 + x^3*y^3 + x^3*y^11,y^5 + x^2*y^10 + x^5*y^2
Z7xZ14,196,6,12,4.408,4.41,ok,x^4*y^11 + x^4*y^12 + x^5*y^9,y + x^2*y^10 + x^5*y
Z7xZ14,196,6,16,7.837,634.14,ok,x^3*y^11 + x^3*y^12 + x^4*y^7,x^2*y^8 + x^3*y^9 + x^4*y^11
Z7xZ14,196,6,4,0.49,0.07,ok,x*y^10 + x^2*y^7 + x^5*y^11,x*y^10 + x^2*y^2 + x^6*y^12
Z7xZ14,196,6,10,3.061,1.2,ok,x^4*y^6 + x^5*y^2 + x^6*y^3,y + x^2*y^10 + x^4*y^3
Z7xZ14,196,6,14,6.0,29.36,ok,x*y^4 + x^2*y^8 + x^2*y^13,x^2 + x^3*y^3 + x^6
Z7xZ14,196,6,12,4.408,7.22,ok,x^3*y^5 + x^5*y^2 + x^6*y^10,x*y^5 + x^3*y^7 + x^4*y^13
Z7xZ14,196,6,10,3.061,1.39,ok,x*y^8 + x^5*y^2 + x^5*y^5,y^11 + x*y^8 + x^6*y^13
Z7xZ14,196,6,16,7.837,781.57,ok,x^2*y^2 + x^4*y^13 + x^6,x*y + x*y^12 + x^6*y^6
Z7xZ14,196,6,14,6.0,21.62,ok,x*y^11 + x^4*y^9 + x^6*y^2,x^3*y^7 + x^4*y^3 + x^4*y^12
Z7xZ14,196,6,8,1.959,0.71,ok,x*y^10 + x^3*y + x^6*y^6,x*y^3 + x^5*y^5 + x^6*y^2
Z7xZ14,196,6,14,6.0,29.03,ok,x*y^7 + x*y^11 + x^3*y^8,x*y^8 + x^5*y^3 + x^5*y^13
Z7xZ14,196,6,12,4.408,6.43,ok,x*y^3 + x*y^6 + x^6*y^10,y^11 + x^4*y^2 + x^5*y^7
Z7xZ14,196,6,6,1.102,0.08,ok,x^2*y^7 + x^4*y^10 + x^5,x^2*y^3 + x^4*y^11 + x^5*y^6
Z7xZ14,196,6,8,1.959,1.16,ok,x*y^8 + x^2*y^9 + x^4*y^9,y^8 + x*y^6 + x^3*y^9
Z7xZ14,196,6,14,6.0,50.3,ok,x^2*y^12 + x^3*y^8 + x^4*y^7,x^2*y^12 + x^5*y + x^6*y^12
Z7xZ14,196,6,10,3.061,1.72,ok,x*y^8 + x*y^12 + x^3*y^13,y^11 + x*y + x^5*y^9
Z7xZ14,196,6,12,4.408,5.62,ok,y^6 + y^7 + x^4*y^9,x^2*y^2 + x^2*y^12 + x^6*y^9
Z7xZ14,196,6,4,0.49,0.05,ok,y + x^2*y^11 + x^6*y^6,x*y^7 + x^3*y^11 + x^4*y^13
Z7xZ14,196,6,16,7.837,769.75,ok,y^11 + x^5 + x^6,x^2 + x^3*y^9 + x^4*y^5
Z7xZ14,196,6,8,1.959,2.3,ok,y^7 + x^2*y^7 + x^6,y + x^2*y^2 + x^4*y^4
Z7xZ14,196,6,14,6.0,26.33,ok,y^11 + x*y^12 + x^4,y^4 + x^3*y^10 + x^4*y^13
Z7xZ14,196,6,10,3.061,2.46,ok,y + x^4 + x^5*y^13,x^3*y^6 + x^6*y^6 + x^6*y^7
Z7xZ14,196,6,6,1.102,0.13,ok,x^3 + x^3*y^6 + x^4*y,y^11 + y^13 + x*y^4
Z7xZ14,196,6,16,7.837,673.92,ok,x^3*y^2 + x^4*y^7 + x^5,x*y^8 + x^2*y^12 + x^6*y^3
Z7xZ14,196,6,12,4.408,5.05,ok,y^3 + x^5*y^8 + x^5*y^9,y^5 + x^3*y^7 + x^4*y
Z7xZ14,196,6,16,7.837,819.23,ok,y^11 + x^5*y^5 + x^6*y^6,y^4 + y^12 + x^2*y
Z7xZ14,196,6,12,4.408,5.26,ok,x*y + x*y^6 + x^3*y^13,y^9 + x^3*y + x^3*y^10
Z7xZ14,196,6,12,4.408,2.96,ok,y + x^3*y^9 + x^6*y^9,x^2*y^12 + x^5*y^8 + x^6*y^5
Z7xZ14,196,6,16,7.837,793.65,ok,y^7 + x*y^8 + x^3*y^2,y^13 + x*y^11 + x^3*y^9
Z7xZ14,196,6,16,7.837,549.28,ok,y^13 + x*y^6 + x^2*y^3,x*y^12 + x^4*y^6 + x^6*y^8
Z7xZ14,196,6,10,3.061,1.18,ok,x^3*y^7 + x^5 + x^5*y^6,x^4*y^7 + x^5*y^8 + x^6*y
Z7xZ14,196,6,16,7.837,753.14,ok,y^13 + x^3*y^6 + x^5*y,x*y^12 + x^3 + x^4*y^9
Z7xZ14,196,6,12,4.408,5.45,ok,y^13 + x^2*y^9 + x^5*y^8,x*y^6 + x^2*y^4 + x^6*y^7
Z7xZ14,196,6,14,6.0,35.68,ok,1 + x*y^12 + x^2*y^2,x^3*y^11 + x^4*y^8 + x^6*y^4
Z7xZ14,196,6,16,7.837,649.32,ok,x^2*y^7 + x^4*y^9 + x^5*y^12,x*y^5 + x^2*y + x^2*y^11
Z7xZ14,196,6,14,6.0,26.59,ok,x^4*y^5 + x^5*y^7 + x^5*y^8,y^5 + x^3*y^2 + x^6*y^4
Z7xZ14,196,6,8,1.959,0.64,ok,y^8 + x*y^10 + x^2*y,x*y^4 + x^5*y^4 + x^6*y^11
Z7xZ14,196,6,14,6.0,36.75,ok,x*y^8 + x^3*y^13 + x^6*y^7,x*y^9 + x^4*y^13 + x^6*y^3
Z7xZ14,196,6,16,7.837,770.56,ok,x*y^7 + x^2*y^5 + x^5*y,x^3 + x^5*y^6 + x^6*y^11
Z7xZ14,196,6,12,4.408,3.71,ok,x^2*y^2 + x^5*y^3 + x^6*y^13,x*y^7 + x*y^9 + x^3*y^4
Z7xZ14,196,6,14,6.0,22.66,ok,x*y^8 + x^3*y + x^4*y^10,x*y^2 + x^2*y^3 + x^2*y^5
Z7xZ14,196,6,4,0.49,0.07,ok,y^8 + x^2*y^2 + x^6*y^9,x^3*y^5 + x^4*y^13 + x^6*y
Z7xZ14,196,6,12,4.408,4.25,ok,x*y + x^3*y^11 + x^5*y^2,y^9 + y^12 + x^4*y^10
Z7xZ14,196,6,12,4.408,3.27,ok,y^8 + x*y^8 + x^4,x^3*y^8 + x^4*y + x^4*y^11
Z7xZ14,196,6,14,6.0,55.52,ok,x*y^11 + x^2*y^6 + x^6*y^4,x*y^9 + x^2*y^2 + x^6*y^8
Z7xZ14,196,6,12,4.408,3.92,ok,x^2*y^9 + x^4*y^8 + x^6*y,x^2*y^6 + x^3*y^5 + x^6
Z7xZ14,196,6,8,1.959,0.55,ok,x^2*y^2 + x^3*y^13 + x^5*y^7,x^4 + x^5 + x^6*y
Z7xZ14,196,6,14,6.0,23.87,ok,x^2*y^4 + x^6*y^7 + x^6*y^8,x^2*y^2 + x^2*y^5 + x^4*y^6
Z7xZ14,196,6,14,6.0,25.58,ok,x^2 + x^4*y^13 + x^5*y^4,x^2*y^5 + x^4*y^7 + x^5*y^7
Z7xZ14,196,6,12,4.408,4.08,ok,x*y^9 + x^4*y^10 + x^6*y^10,x^2*y^5 + x^3*y^8 + x^4*y^9
Z7xZ14,196,6,14,6.0,27.6,ok,x*y + x^2*y^2 + x^6*y^8,y^2 + x^2*y^13 + x^3*y^7
Z7xZ14,196,6,14,6.0,27.99,ok,y^7 + x^2*y^10 + x^6*y,x^2*y^2 + x^3*y^8 + x^5*y^7
Z7xZ14,196,6,10,3.061,2.73,ok,y^5 + x*y^10 + x^4*y^6,x*y^5 + x^4*y^9 + x^5*y^6
Z7xZ14,196,6,12,4.408,4.74,ok,x*y^4 + x*y^12 + x^3*y^6,x^2*y^7 + x^4*y^12 + x^6*y^7
Z7xZ14,196,6,12,4.408,7.92,ok,x*y^3 + x^3*y^9 + x^4*y,x^3*y^3 + x^3*y^7 + x^4*y^10
Z7xZ14,196,6,16,7.837,824.88,ok,x^3*y^12 + x^4*y^7 + x^6*y^3,y^13 + x^2*y^4 + x^6*y^10
Z7xZ14,196,6,16,7.837,697.08,ok,y^13 + x^2 + x^2*y^9,x^3*y^2 + x^3*y^5 + x^5*y^8
Z7xZ14,196,6,14,6.0,73.47,ok,y^8 + x^6 + x^6*y,x*y^13 + x^5*y + x^6*y^4
Z7xZ14,196,6,10,3.061,2.05,ok,y^11 + x^2*y^5 + x^3*y^12,x*y + x^3*y^8 + x^4*y^7
Z7xZ14,196,6,10,3.061,2.1,ok,x^2*y^10 + x^4*y^4 + x^6*y^8,y^9 + x^2*y^4 + x^2*y^13
Z7xZ14,196,6,14,6.0,21.76,ok,x^3*y + x^3*y^7 + x^5*y^8,y^3 + x^3*y^4 + x^5*y^3
Z7xZ14,196,6,8,1.959,0.84,ok,x^2*y + x^2*y^5 + x^2*y^6,x^2 + x^2*y^2 + x^6*y^3
Z7xZ14,196,6,8,1.959,0.79,ok,x^5*y + x^5*y^9 + x^6*y^4,x^2*y^5 + x^3 + x^3*y^2
Z7xZ14,196,6,12,4.408,4.44,ok,y^2 + y^13 + x^2*y^12,x*y^12 + x^6*y^5 + x^6*y^7
Z7xZ14,196,6,6,1.102,0.08,ok,y^8 + y^13 + x^6*y^6,x + x^2*y^11 + x^4*y
Z7xZ14,196,6,12,4.408,5.49,ok,x^2*y^4 + x^3*y^5 + x^5*y^11,x^2*y^13 + x^6*y^3 + x^6*y^7
Z7xZ14,196,6,14,6.0,30.11,ok,x^3*y^7 + x^3*y^8 + x^6*y^2,y^6 + x*y^3 + x*y^6
Z7xZ14,196,6,10,3.061,2.9,ok,x*y + x^4*y^12 + x^6*y^9,y^3 + x^3 + x^3*y^9
Z7xZ14,196,6,14,6.0,23.23,ok,x^4*y + x^5*y^10 + x^5*y^11,x^2*y^7 + x^2*y^11 + x^3*y^3
Z7xZ14,196,6,12,4.408,5.62,ok,y^6 + x^3*y^9 + x^4*y^8,y^12 + x^2*y^13 + x^4*y^12
Z7xZ14,196,6,12,4.408,4.1,ok,x^3*y^6 + x^5*y^12 + x^6,y^7 + x*y^13 + x^5*y^8
Z7xZ14,196,6,4,0.49,0.07,ok,y^5 + x^4*y^9 + x^5*y^3,y^4 + x^4*y^11 + x^5*y^10
Z7xZ14,196,6,14,6.0,26.91,ok,x + x*y^9 + x^2*y,x + x*y^4 + x^5*y^13
Z7xZ14,196,6,16,7.837,910.55,ok,y^4 + x*y^3 + x^4*y^9,x^3*y^12 + x^4*y^4 + x^4*y^7
Z7xZ14,196,6,12,4.408,5.61,ok,x^4*y^3 + x^5*y + x^6*y^9,x^2*y^10 + x^5*y^7 + x^6*y^9
Z7xZ14,196,6,14,6.0,43.41,ok,x^4*y^9 + x^5*y^4 + x^6*y^2,x*y + x^6*y^12 + x^6*y^13
Z7xZ14,196,6,14,6.0,26.54,ok,x^3*y^7 + x^3*y^9 + x^6*y^4,y^4 + x^3*y + x^5*y^10
Z7xZ14,196,6,12,4.408,4.35,ok,y^3 + x^3*y^2 + x^6,x^3*y^11 + x^4*y^2 + x^5*y^13
Z7xZ14,196,6,8,1.959,0.71,ok,y^8 + x*y^3 + x^5*y^4,y^2 + x^2*y^4 + x^3*y^6
Z7xZ14,196,6,14,6.0,31.98,ok,y^9 + x^3*y^4 + x^3*y^10,x^5*y^4 + x^6*y + x^6*y^7
Z7xZ14,196,6,14,6.0,39.09,ok,y^9 + x^4*y^9 + x^5*y^10,x^3*y^12 + x^4*y^8 + x^5*y^9
Z7xZ14,196,6,8,1.959,0.83,ok,y^9 + x^2*y + x^3*y^4,y^6 + x^3*y^6 + x^6*y^4
Z7xZ14,196,6,8,1.959,1.39,ok,y^11 + x^2*y^11 + x^4*y^2,x^2*y + x^4 + x^5*y^10
Z7xZ14,196,6,14,6.0,47.88,ok,y^6 + x*y^9 + x^2*y^9,y^12 + x*y^11 + x^6*y^7
Z7xZ14,196,6,12,4.408,5.11,ok,x*y^9 + x^4*y^2 + x^6*y^4,x^5*y^4 + x^5*y^10 + x^6*y^4
Z7xZ14,196,6,14,6.0,39.12,ok,x^2*y^9 + x^3*y^2 + x^5*y^8,x^2*y^8 + x^5*y^3 + x^5*y^11
Z7xZ14,196,6,8,1.959,0.7,ok,x*y^12 + x^2*y^10 + x^3*y^5,x^3*y^9 + x^4 + x^6*y^10
Z7xZ14,196,6,16,7.837,809.23,ok,x*y^12 + x^4*y^2 + x^4*y^12,y + x*y^11 + x^3*y^12
Z7xZ14,196,6,10,3.061,1.32,ok,x^2*y^9 + x^5*y^2 + x^6*y^13,1 + y^13 + x^6
Z7xZ14,196,6,12,4.408,5.1,ok,x^2*y^4 + x^3*y^5 + x^3*y^10,x*y^5 + x*y^6 + x^6*y^13
Z7xZ14,196,6,12,4.408,3.65,ok,y^13 + x*y^6 + x^4*y^11,y^8 + x^3*y^12 + x^6*y^10
Z7xZ14,196,6,8,1.959,0.74,ok,y^10 + x*y^4 + x^5*y,y^8 + x*y^2 + x^6*y^13
Z7xZ14,196,6,14,6.0,25.57,ok,y^11 + x*y^12 + x^5*y^13,x^2*y^12 + x^4*y^12 + x^5*y^10
Z7xZ14,196,6,12,4.408,5.85,ok,x*y^12 + x^6*y^4 + x^6*y^10,x^2*y^11 + x^3*y^4 + x^6*y^7
Z7xZ14,196,6,14,6.0,31.46,ok,x^3 + x^3*y^5 + x^4*y^9,x^2*y^4 + x^3 + x^5*y^2
Z7xZ14,196,6,14,6.0,21.56,ok,x^2*y^2 + x^3*y^11 + x^6*y^6,x*y + x^4*y^7 + x^5*y^4
Z7xZ14,196,6,14,6.0,23.91,ok,x*y^2 + x^6*y + x^6*y^5,x^5*y^8 + x^6*y^8 + x^6*y^12
Z7xZ14,196,6,14,6.0,30.68,ok,y^10 + x*y + x^2*y^8,x^4*y^2 + x^5*y^12 + x^6*y^2
Z7xZ14,196,6,12,4.408,4.92,ok,x^2*y^8 + x^3 + x^3*y^11,x^4 + x^5*y^4 + x^6
Z7xZ14,196,6,16,7.837,687.71,ok,x^2*y^6 + x^2*y^9 + x^6,y + x^6*y^2 + x^6*y^4
Z7xZ14,196,6,16,7.837,750.12,ok,y^9 + x*y^3 + x^5*y^4,y + x^4*y^10 + x^6
Z7xZ14,196,6,8,1.959,0.7,ok,x^3*y^7 + x^4 + x^6*y^6,x*y^12 + x^3*y^9 + x^4*y^4
Z7xZ14,196,6,4,0.49,0.08,ok,x*y^4 + x^2*y^10 + x^6*y,y^5 + x*y^5 + x^5*y^5
Z7xZ14,196,6,4,0.49,0.06,ok,x^3*y^9 + x^4*y^12 + x^6*y^9,y^3 + x^2*y^3 + x^3*y^3
Z7xZ14,196,6,14,6.0,42.11,ok,x*y^5 + x*y^10 + x^2,x^3*y^8 + x^5*y^4 + x^5*y^8
Z7xZ14,196,6,12,4.408,6.19,ok,x^4 + x^5 + x^5*y^13,x^2*y^5 + x^4*y^5 + x^6*y^7
Z7xZ14,196,6,12,4.408,9.31,ok,y^12 + y^13 + x^5*y^7,y^2 + x*y^9 + x^4*y^12
Z7xZ14,196,6,16,7.837,646.16,ok,y^13 + x*y^7 + x^5*y,y^13 + x*y^3 + x^4*y^2
Z7xZ14,196,6,12,4.408,5.15,ok,x + x^3*y^9 + x^4*y^7,x^2*y^10 + x^4*y^13 + x^5*y^12
Z7xZ14,196,6,14,6.0,48.43,ok,y^7 + x*y^6 + x^4*y^11,x^3*y^6 + x^4*y^11 + x^5
Z7xZ14,196,6,14,6.0,26.54,ok,x^3*y^5 + x^3*y^10 + x^5*y^5,1 + y^13 + x^6*y^4
Z7xZ14,196,6,14,6.0,25.03,ok,y^9 + x*y^8 + x^5*y^10,y^10 + x^4 + x^6*y^3
Z7xZ14,196,6,8,1.959,1.14,ok,y^9 + x + x^3*y^3,x^5 + x^6*y + x^6*y^7
Z7xZ14,196,6,12,4.408,4.8,ok,x + x*y + x^6*y^5,x^2*y^11 + x^3*y^8 + x^6*y^4
Z7xZ14,196,6,12,4.408,4.38,ok,x + x^5*y + x^5*y^13,y^12 + x*y^13 + x^3*y^11
Z7xZ14,196,6,8,1.959,1.99,ok,x*y^4 + x^3*y^3 + x^5*y^4,x^3*y^8 + x^4*y^5 + x^6*y^6
Z7xZ14,196,6,12,4.408,7.53,ok,x^3*y^7 + x^4*y^2 + x^4*y^11,x*y + x^2*y + x^4*y^6
Z7xZ14,196,6,16,7.837,819.23,ok,y^10 + x*y^5 + x^6*y^12,x*y^5 + x*y^13 + x^3*y^13
Z7xZ14,196,6,12,4.408,6.14,ok,x*y^8 + x^4*y^12 + x^6*y^2,x*y^6 + x^3*y^11 + x^5*y^4
Z7xZ14,196,6,12,4.408,5.8,ok,y^13 + x^2*y^5 + x^4*y,y^5 + x*y + x^4*y^8
Z7xZ14,196,6,12,4.408,5.8,ok,y^7 + x*y^3 + x^6*y^13,x*y^12 + x^2*y^8 + x^6*y^5
Z7xZ14,196,6,16,7.837,792.59,ok,x*y^9 + x^5*y^9 + x^6*y^12,y^13 + x^2*y^11 + x^6*y^2
Z7xZ14,196,6,10,3.061,0.91,ok,x*y^6 + x^4*y^6 + x^5,x*y^5 + x^3 + x^4*y^6
Z7xZ14,196,6,14,6.0,19.09,ok,y^9 + x^2*y^5 + x^4*y^6,y^3 + x^2*y^6 + x^2*y^8
Z7xZ14,196,6,8,1.959,0.71,ok,y^11 + x*y^2 + x^5*y^8,x*y^6 + x^4*y^13 + x^6*y^9
Z7xZ14,196,6,12,4.408,4.18,ok,x + x^5*y^3 + x^6,y^9 + x^2*y^10 + x^6*y^11
Z7xZ14,196,6,12,4.408,4.73,ok,y^3 + x*y^4 + x^3*y^10,x*y^4 + x^5*y^3 + x^6*y^3
Z7xZ14,196,6,8,1.959,0.61,ok,y^10 + x*y^10 + x^4*y^6,y^3 + x^4*y^6 + x^6*y^4
Z7xZ14,196,6,16,7.837,701.42,ok,x^5*y^7 + x^5*y^8 + x^6*y^6,x*y^12 + x^2*y^4 + x^6*y^4
Z7xZ14,196,6,16,7.837,807.57,ok,x^2 + x^2*y^6 + x^6*y^5,x*y^5 + x^3*y^12 + x^4*y^13
Z7xZ14,196,6,16,7.837,778.94,ok,x^3*y^7 + x^4*y^3 + x^5*y^10,x*y^13 + x^4*y^9 + x^5*y^12
Z7xZ15,210,4,18,6.171,4630.46,ok,x*y^6 + x^3*y^14 + x^5*y,y^8 + x^3*y^9 + x^3*y^10
Z7xZ15,210,4,16,4.876,716.47,ok,1 + x^4*y^14 + x^5*y^10,x^3*y^13 + x^5*y^3 + x^5*y^11
Z7xZ15,210,4,16,4.876,807.58,ok,y^3 + x^2*y^13 + x^3*y^11,x^3*y^12 + x^3*y^14 + x^5*y
Z7xZ15,210,4,8,1.219,0.67,ok,y^7 + x^4*y^2 + x^5*y^9,x^2*y^12 + x^5*y + x^5*y^2
Z7xZ15,210,4,18,6.171,3876.81,ok,x^3*y^7 + x^3*y^14 + x^6,y^5 + x^4*y^9 + x^6*y
Z7xZ15,210,4,10,1.905,3.32,ok,x^2*y^9 + x^2*y^11 + x^4*y^10,x^3*y^2 + x^3*y^13 + x^5*y^3
Z7xZ15,210,4,10,1.905,3.5,ok,x^2 + x^2*y^5 + x^6*y^7,x*y^7 + x^4*y^6 + x^4*y^14
Z7xZ15,210,4,18,6.171,3331.74,ok,y^14 + x*y^7 + x^6*y^12,x^3*y^3 + x^4*y^10 + x^4*y^14
Z7xZ15,210,4,18,6.171,2713.05,ok,x^4*y^3 + x^5*y + x^5*y^8,y^9 + x^4*y^14 + x^6*y
Z9xZ10,180,4,12,3.2,10.01,ok,x^5*y^9 + x^6*y^7 + x^7*y^3,y^9 + x*y + x^2*y^8
Z9xZ10,180,4,12,3.2,11.7,ok,x^4*y^7 + x^5*y^3 + x^6,x^4*y^6 + x^5*y^3 + x^6*y^8
Z9xZ10,180,4,18,7.2,4360.71,ok,x^3*y + x^5 + x^7*y^3,x + x^2*y^8 + x^6*y^7
Z9xZ10,180,4,14,4.356,17.07,ok,y^4 + x^2*y^2 + x^4,y^2 + x^2*y^4 + x^4*y^9
Z9xZ10,180,4,10,2.222,1.18,ok,y^6 + x^4*y^9 + x^5*y^5,x^2*y^6 + x^4*y^8 + x^6*y^9
Z9xZ10,180,4,10,2.222,1.78,ok,x^3*y^7 + x^4*y^3 + x^5,y^8 + x + x^2*y^9
Z9xZ10,180,4,16,5.689,627.16,ok,x^3*y^5 + x^4*y^6 + x^8*y^9,x^2*y^2 + x^6*y^4 + x^7*y^8
Z9xZ10,180,4,10,2.222,5.56,ok,x^4*y^8 + x^5*y^7 + x^6*y^7,x^2*y^7 + x^3 + x^4*y^6
Z9xZ10,180,4,16,5.689,776.14,ok,x^2*y + x^3 + x^7*y^5,y^5 + x^2*y^2 + x^4*y^3
Z9xZ10,180,4,10,2.222,1.43,ok,x^3*y^5 + x^5*y^5 + x^7*y^2,x*y^6 + x^5 + x^6*y^2
Z9xZ10,180,4,14,4.356,22.27,ok,1 + x^5*y + x^7*y^5,1 + x^4*y^8 + x^5*y^4
Z9xZ10,180,4,16,5.689,788.49,ok,x^2*y^3 + x^3*y^6 + x^7*y,x*y + x^6*y^4 + x^8*y^6
Z9xZ10,180,4,6,0.8,0.07,ok,1 + x + x^2,x^2*y^7 + x^4*y + x^6
Z9xZ10,180,4,14,4.356,19.87,ok,x^4*y^7 + x^6*y^3 + x^8*y^8,y^5 + x^4*y^4 + x^5*y^6
Z9xZ10,180,4,16,5.689,637.32,ok,x*y^9 + x^6*y^3 + x^8*y^8,x^2 + x^6*y^5 + x^7*y^9
Z9xZ10,180,4,16,5.689,704.48,ok,y^9 + x^4*y^2 + x^5*y^7,x^2*y^3 + x^6*y^4 + x^7*y^8
Z9xZ10,180,4,14,4.356,24.68,ok,1 + x*y^7 + x^8*y^9,y^7 + x^4*y^5 + x^8*y^3
Z9xZ10,180,4,16,5.689,609.89,ok,x^3*y^2 + x^7*y^5 + x^8*y^7,y^5 + x^4*y + x^8
Z9xZ10,180,4,16,5.689,699.13,ok,y^9 + x^7*y^7 + x^8*y,x^2*y^5 + x^3*y^2 + x^7*y^2
Z9xZ10,180,4,16,5.689,803.18,ok,x*y^3 + x^3*y^6 + x^8*y^3,x*y^6 + x^3*y^3 + x^8*y^5
Z9xZ10,180,4,8,1.422,0.59,ok,x^2*y^3 + x^3*y^4 + x^4*y^5,x^2*y^5 + x^3*y^6 + x^7*y^3
Z9xZ10,180,4,12,3.2,7.53,ok,x*y^4 + x^2*y^4 + x^6*y,x^2*y^4 + x^6*y^2 + x^7*y
Z9xZ10,180,4,16,5.689,734.15,ok,y^7 + x^4*y + x^5*y^8,x^2*y^7 + x^4*y^8 + x^6*y^7
Z9xZ10,180,4,4,0.356,0.04,ok,x^3*y^4 + x^5*y^8 + x^7*y^9,x*y^5 + x^3*y^4 + x^5
Z9xZ10,180,4,14,4.356,19.37,ok,x^4*y^8 + x^6*y^6 + x^8*y,x^3*y^4 + x^5*y^6 + x^7*y^8
Z9xZ10,180,4,14,4.356,32.56,ok,y^2 + x^4*y^2 + x^5,y^2 + x*y^2 + x^5*y^3
Z9xZ10,180,4,16,5.689,773.26,ok,x^2*y^5 + x^6*y^6 + x^7*y^9,x^3*y^8 + x^4*y^3 + x^5
Z9xZ10,180,4,16,5.689,751.5,ok,x*y^2 + x^2*y^9 + x^6*y^5,x^2*y^6 + x^3*y^6 + x^4*y^9
Z9xZ10,180,4,16,5.689,430.77,ok,x^2*y^8 + x^3*y^3 + x^7*y,x*y^7 + x^3 + x^5*y^5
Z9xZ10,180,4,6,0.8,0.11,ok,x^4*y^6 + x^6*y^7 + x^8*y^9,x^2*y^3 + x^4*y^4 + x^6*y^5
Z9xZ10,180,4,14,4.356,42.65,ok,x^4 + x^5*y^8 + x^6*y^9,y^4 + x + x^5
Z9xZ10,180,4,16,5.689,472.24,ok,x^3*y^2 + x^4*y^3 + x^8,y^2 + x^7*y^8 + x^8*y
Z9xZ10,180,4,10,2.222,0.94,ok,x^6*y^3 + x^7*y^2 + x^8*y^5,y^6 + x^4*y + x^8*y^3
Z9xZ10,180,4,14,4.356,23.56,ok,y^8 + x + x^5*y^9,1 + x^2*y^5 + x^4*y
Z9xZ10,180,4,16,5.689,695.65,ok,x^3*y^8 + x^4*y^8 + x^5*y^4,1 + x*y^9 + x^8*y^6
Z9xZ10,180,4,12,3.2,6.51,ok,x*y^8 + x^5*y^9 + x^6*y^2,x^3*y + x^7*y^7 + x^8*y^7
Z9xZ10,180,4,12,3.2,14.51,ok,y^4 + x^4*y^9 + x^5*y^7,x^5*y^4 + x^6*y + x^7*y
Z9xZ10,180,4,10,2.222,3.45,ok,x^5*y^3 + x^6*y + x^7*y^8,y^2 + x*y^6 + x^2*y
Z9xZ10,180,4,10,2.222,2.22,ok,x^3*y^7 + x^4*y^9 + x^5*y^4,x^4*y^7 + x^5*y^5 + x^6*y^6
Z9xZ10,180,4,10,2.222,1.15,ok,1 + x^5 + x^7*y^4,y^4 + x^4*y^5 + x^8*y^6
Z9xZ10,180,4,12,3.2,5.36,ok,x^2*y + x^3*y^9 + x^7,x*y^3 + x^5*y^4 + x^6*y^9
Z9xZ10,180,4,12,3.2,4.8,ok,x^6*y^6 + x^7*y^4 + x^8*y,x^2*y^7 + x^3*y^2 + x^4*y^7
Z9xZ10,180,4,14,4.356,40.46,ok,x^2*y^7 + x^3*y^8 + x^4*y^6,y^5 + x*y + x^5*y^5
Z9xZ10,180,4,16,5.689,640.35,ok,y^3 + x*y + x^8*y^6,x^6*y^3 + x^7*y^3 + x^8*y^2
Z9xZ10,180,4,10,2.222,1.17,ok,x*y^6 + x^2*y^9 + x^6*y^2,y^6 + x^4*y^3 + x^8*y
Z9xZ10,180,4,14,4.356,41.16,ok,x^4*y^7 + x^5*y^3 + x^6*y,x^5*y^4 + x^6*y^3 + x^7
Z9xZ10,180,4,12,3.2,6.49,ok,x^6*y^3 + x^7*y^2 + x^8*y^6,x^4*y^6 + x^5*y^2 + x^6*y^8
Z9xZ10,180,4,16,5.689,766.89,ok,y^7 + x^7*y^9 + x^8*y^5,x*y^6 + x^5*y^4 + x^6*y^3
Z9xZ10,180,4,10,2.222,0.71,ok,x^3*y^6 + x^4*y^7 + x^5*y^5,x*y^7 + x^5*y^4 + x^6*y^3
Z9xZ10,180,4,8,1.422,0.4,ok,x^6*y^8 + x^7*y^2 + x^8*y^3,x^3*y^4 + x^4*y^4 + x^8*y
Z9xZ10,180,4,14,4.356,23.61,ok,x^5*y + x^6*y^6 + x^7*y^5,y^8 + x + x^2*y^2
Z9xZ10,180,4,12,3.2,4.03,ok,x^2*y^5 + x^3*y^9 + x^7*y^7,y^4 + x^2*y^6 + x^4*y^5
Z9xZ10,180,4,16,5.689,657.1,ok,x*y^5 + x^3*y + x^8*y^4,x^3*y^2 + x^7*y^5 + x^8*y^7
Z3xZ42,252,4,18,5.143,6156.52,ok,y^33 + x*y^39 + x^2*y^18,x*y^15 + x*y^28 + x^2*y^4
